Semester	Kategori	No	Kegiatan/Bukti	SKS BKD	SKS Lebih	Masa Penugasan	Kolom_8	Kolom_9	Kolom_10	Kolom_11	Kolom_12
Ganjil 2022/2023	Pendidikan	1	Mengajar Matakuliah TEKNOLOGI WIRELESS/Kelas 2019A (3 sks)	SK :- Tgl.SK:-	3	Tidak ada dokumen	Selesai	100%	3	Bukti Pendukung sesuai PO BKD 2021	Lengkapi bukti dengan ST/SK mengajar, Jurnal kuliah, daftar hadir
Ganjil 2022/2023	Pendidikan	2	Mengajar Matakuliah MATEMATIKA DISKRIT/Kelas 2018D (3 sks)	SK :- Tgl.SK:-	3	Tidak ada dokumen	Beban lebih	100%	3	Bukti Pendukung sesuai PO BKD 2021	Lengkapi bukti dengan ST/SK mengajar, Jurnal kuliah, daftar hadir
Ganjil 2022/2023	Pendidikan	3	Mengajar Matakuliah TEKNOLOGI WIRELESS/Kelas 2019B (3 sks)	SK :- Tgl.SK:-	3	Tidak ada dokumen	Selesai	100%	3	Bukti Pendukung sesuai PO BKD 2021	Lengkapi bukti dengan ST/SK mengajar, Jurnal kuliah, daftar hadir
Ganjil 2022/2023	Pendidikan	4	Mengajar Matakuliah STATISTIK TEKNIK/Kelas 2020B (3 sks)	SK :- Tgl.SK:-	3	Tidak ada dokumen	Beban lebih	100%	3	Bukti Pendukung sesuai PO BKD 2021	Lengkapi bukti dengan ST/SK mengajar, Jurnal kuliah, daftar hadir
Ganjil 2022/2023	Pendidikan	5	Mengajar Matakuliah STATISTIK TEKNIK/Kelas 2020C (3 sks)	SK :- Tgl.SK:-	3	Tidak ada dokumen	Beban lebih	100%	3	Bukti Pendukung sesuai PO BKD 2021	Lengkapi bukti dengan ST/SK mengajar, Jurnal kuliah, daftar hadir
Ganjil 2022/2023	Pendidikan	6	Mengajar Matakuliah BASIS DATA TERDISTRIBUSI/Kelas 2020B (3 sks)	SK :- Tgl.SK:-	3	Tidak ada dokumen	Selesai	100%	3	Bukti Pendukung sesuai PO BKD 2021	Lengkapi bukti dengan ST/SK mengajar, Jurnal kuliah, daftar hadir
Ganjil 2022/2023	Pendidikan	7	Mengajar Matakuliah STATISTIK TEKNIK/Kelas 2020A (3 sks)	SK :- Tgl.SK:-	3	Tidak ada dokumen	Beban lebih	100%	3	Bukti Pendukung sesuai PO BKD 2021	Lengkapi bukti dengan ST/SK mengajar, Jurnal kuliah, daftar hadir
Ganjil 2022/2023	Penelitian	1	Evaluasi Sistem Informasi Pelayanan Administrasi Desa Menggunakan Pendekatan User Persona dan User Journey Map	STAINS (SEMINAR ISBN :NASIONAL TEKNOLOGI & SAINS) Tgl. :16 Januari 2023 Terbit	1	Junral Penelitian; Surat Tugas Penelitian Alfian Nurlifa; Daftar Isi; Artikel Ilmiah Prosiding	Selesai	40%	0.33125	pengusul sebagai penulis ke 2 dengan jumlah penulis 4 orang (2,5 x 13,3%)	Sesuai PO BKD
Ganjil 2022/2023	Pengabdian	1	PELATIHAN PENGENALAN CODING BAGI GURU SD MENGGUNAKAN SCRATCH Jr di Laboratorium Rekayasa Perangkat Lunak Prodi Teknik Informatika	SK :087/VII/071073/PGRI/LPM/IX/2022 Tgl.SK:24 Oktober 2022	0.375	Surat Tugas Asfan; surat tugas pengabdian Fitroh; Surat Tugas Pengabdian Alfian Nurlifa; Laporan Pengabdian Kepada Masyarakat; Surat Tugas Pengabdian Kepada Masyarakat Andik Adi Suryanto; Surat Tugas Pengabdian Masyarakat Amaludin	Selesai	100%	0.375	Bukti Pendukung sesuai PO BKD 2021	Sesuai PO BKD
Ganjil 2022/2023	Pengabdian	2	Seminar dan Pelatihan Website di Balai Desa Wangun Kec. Palang Kab. Tuban	SK :026a/VII/071073/PGRI/LPM/VI/2022 Tgl.SK:18 Juni 2022	0.375	Surat Tugas Pengabdian Alfian ; Surat Tugas LPM; Lap PKM (Sampul, Lembar Pengesahan, Daftar Isi & Ringkasan); Surat Keterangan desa wangun	Selesai	100%	0.375	Bukti Pendukung sesuai PO BKD 2021	Lengkapi isi laporan sesuai template
Ganjil 2022/2023	Pengabdian	3	PELATIHAN PENGENALAN CODING BAGI GURU SD MENGGUNAKAN SCRATCH Jr	SK :- Tgl.SK:-	2.5	Artikel Jurnal PKM; Jurnal Nasional; Editorial Team; ST Pengabdian Masyarakat Amaludin; Surat Tugas Pengabdian Alfian Nurlifa; Daftar Isi; surat tugas pengabdian Asfan; surat tugas	Selesai	100%	1.335	Bukti Pendukung sesuai PO BKD 2021	Sesuai PO BKD
Ganjil 2022/2023	Pengabdian	4	PELATIHAN PEMANFAATAN LIMBAH KOTORAN SAPI SERTA PEMANFAATAN LAHAN TERBATAS WARGA UNTUK PENANAMAN SAYURAN DALAM RANGKA MENINGKATKAN GIZI WARGA MASYARAKAT DI ERA PANDEMI COVID 19	SK :- Tgl.SK:-	2.5	Surat Tugas Pengabdian Alfian Nurlifa; Surat Tugas; Prosiding SNasPPM; Artikel	Beban lebih	100%	2	Bukti Pendukung sesuai PO BKD 2021	Sesuai PO BKD
Ganjil 2022/2023	Penunjang	1	Panitia Wisuda Ke-20 Universitas PGRI Ronggolawe Tahun 2022 di Universitas PGRI Ronggolawe	2142/071073/PGRI/AK/XI/2022- SK : SK Tgl.SK:04 November 2022	0.5	ST Dekan Penunjang Amaludin; SK Panitia Wisuda 2022	Selesai	100%	0.5	Bukti Pendukung sesuai PO BKD 2021	Sesuai PO BKD
Ganjil 2022/2023	Penunjang	2	Program Pengenalan Kehidupan Kampus Universitas PGRI Ronggolawe 2022 di Universitas PGRI Ronggolawe	1774/071073/PGRI/AK/IX/2022- SK : SK Tgl.SK:09 September 2022	0.5	SK Panitia PKKMB 2022-2023; ST Dekan Penunjang Amaludin	Selesai	100%	0.375	Bukti pendukung sesuai PO BKD 2021, Namun kegiatan adalah tingkat Fakultas/Prodi	Sesuai PO BKD
Ganjil 2022/2023	Penunjang	3	Panitia Ujian Akhir Semester Gasal di Universitas PGRI Ronggolawe	0062/071073/PGRI/AK/I/2023- SK : SK Tgl.SK:07 Januari 2023	0.5	ST Dekan Amaludin; Surat Tugas Penunjang Fitroh; Surat Tugas Asfan; Surat Tugas Penunjang Alfian Nurlifa; SK UAS Gasal 2023	Berlanjut	100%	0.375	Bukti pendukung sesuai PO BKD 2021, Namun kegiatan adalah tingkat Fakultas/Prodi	Sesuai PO BKD
Ganjil 2022/2023	Penunjang	4	Senat Perguruan Tinggi di Universitas PGRI Ronggolawe	727/071073/PGRI/KP/VI/2020- SK : SK Tgl.SK:02 Desember 2019	0.75	SK Senat	Berlanjut	100%	0.75	Bukti Pendukung sesuai PO BKD 2021	Sesuai PO BKD
Ganjil 2022/2023	Penunjang	1	SISTEM PAKAR DIAGNOSA PENYAKIT KUCING DENGAN NAÃƒÆ’Ã‚ï¿¾VE BAYES Hasil penelitian/pemikiran yang dipublikasikan dalam bentuk jurnal nasional	SK :- 01 Juli Tgl.SK: 2021	100%	01 Juli 2021 sampai 01 Juli 2024	Artikel Sistem Pakar Diagnosa Penyakit Kucing	Sesuai	Sesuai PO BKD Publikasi Ilmiah	Bukti Pendukung sesuai PO BKD 2021	
Ganjil 2022/2023	Penunjang	2	PENENTUAN POLA KALIMAT BAHASA INDONESIA PADA KALIMAT AKTIF DAN KALIMAT PASIF DENGAN MENGGUNAKAN METODE CONTEXT FREE GRAMMER (CFG) Hasil penelitian/pemikiran yang dipublikasikan dalam bentuk jurnal nasional	SK :- 01 Juli Tgl.SK: 2021	100%	01 Juli 2021 sampai 01 Juli 2024	Cover Curtina Vol 2 No 1 Juli 2021; Artikel Penentuan Pola Kalimat; Daftar Isi Vol 2 No 1 Juli 2021	Sesuai	Bukti Pendukung sesuai PO BKD 2021	Sesuai PO BKD Publikasi Ilmiah	
Ganjil 2022/2023	Penunjang	3	CLUSTERING DAERAH RAWAN BANJIR DI KABUPATEN TUBAN DENGAN K-MEANS DISERTAI VISUALISASI SISTEM INFORMASI GEOGRAFIS Hasil penelitian/pemikiran yang dipublikasikan dalam bentuk jurnal nasional	SK :- 31 Juli Tgl.SK: 2022	100%	31 Juli 2022 sampai 31 Juli 2025	Cover Jurnal; Surat Tugas Penelitian Alfian Nurlifa; Daftar Isi; Artikel Jurnal Curtina Juli 2022; Editorial	Sesuai	Bukti Pendukung sesuai PO BKD 2021	Sesuai PO BKD Publikasi Ilmiah	
Ganjil 2022/2023	Penunjang	4	KAJIAN PENERAPAN SISTEM INFORMASI E-SKRIPSI DI LINGKUNGAN FAKULTAS TEKNIK UNIVERSITAS PGRI RONGGOLAWE TUBAN Hasil penelitian atau hasil pemikiran yang Dipresentasikan secara oral dan dimuat dalam prosiding yang dipublikasikan (ber ISSN/ISBN): Nasional	SK :- 22 Tgl.SK:Agustus 2020	100%	22 Agustus 2020 sampai 22 Agustus 2023	Artikel SNasPPM 2020	Sesuai	Sesuai PO BKD Publikasi Ilmiah	Bukti Pendukung sesuai PO BKD 2021	
Ganjil 2022/2023	Penunjang	5	MONITORING ALIRAN INFUS PASIEN MACET DI RUANG PERAWAT MENGGUNAKAN NRF WIRELESS COMMUNICATION Hasil penelitian atau hasil pemikiran yang Dipresentasikan secara oral dan dimuat dalam prosiding yang dipublikasikan (ber ISSN/ISBN): Nasional	SK :- 08 Tgl.SK:Januari 2022	100%	08 Januari 2022 sampai 08 Januari 2025	Surat Tugas Penelitian; Sertifikat Pemakalah; S.T. Penelitian Amaludin; Papper Prosiding	Sesuai	Bukti Pendukung sesuai PO BKD 2021	Sesuai PO BKD Publikasi Ilmiah	
Ganjil 2022/2023	Penunjang	6	Evaluasi Sistem Informasi Pelayanan Administrasi Desa Menggunakan Pendekatan User Persona dan User Journey Map Hasil penelitian atau hasil pemikiran yang Dipresentasikan secara oral dan dimuat dalam prosiding yang dipublikasikan (ber ISSN/ISBN): Nasional	SK :- 16 Tgl.SK:Januari 2023	100%	16 Januari 2023 sampai 16 Januari 2026	Junral Penelitian; Surat Tugas Penelitian Alfian Nurlifa; Daftar Isi; Artikel Ilmiah Prosiding	Sesuai	Sesuai PO BKD Publikasi Ilmiah	Bukti Pendukung sesuai PO BKD 2021	
Ganjil 2022/2023	Penunjang	1	Pelaksanaan Pendidikan	Tidak boleh kosong	10.5	10.5	M				
Ganjil 2022/2023	Penunjang	3	Pelaksanaan Pengabdian	Tidak boleh kosong	2.96	1.125	M				
Genap 2022/2023	Pendidikan	1	Mengajar Matakuliah ANALISA DATA MULTIVARIAT/Kelas 2020B (3 sks)	SK :- Tgl.SK:-	3	Surat Tugas; Nilai	Selesai	100%	3	Bukti kinerja sesuaikan dengan Nama Pak andi sendiri, jangan bersama sama semua dosen Tif	Sesuai PO BKD (yang di unggah hanya Mk tertulis, lengkapi dengan daftar hadir dan jurnal)
Genap 2022/2023	Pendidikan	2	Mengajar Matakuliah BIG DATA/Kelas 2020B (3 sks)	SK :- Tgl.SK:-	3	Nilai; Surat Tugas	Selesai	100%	3	Bukti kinerja sesuaikan dengan Nama Pak andi sendiri, jangan bersama sama semua dosen Tif	Sesuai PO BKD (yang di unggah hanya Mk tertulis, lengkapi dengan daftar hadir dan jurnal)
Genap 2022/2023	Pendidikan	3	Mengajar Matakuliah BIG DATA/Kelas 2020A (3 sks)	SK :- Tgl.SK:-	3	Nilai; Surat Tugas	Selesai	100%	3	Bukti kinerja sesuaikan dengan Nama Pak andi sendiri, jangan bersama sama semua dosen Tif	Sesuai PO BKD (yang di unggah hanya Mk tertulis, lengkapi dengan daftar hadir dan jurnal)
Genap 2022/2023	Pendidikan	4	Mengajar Matakuliah ANALISA DATA MULTIVARIAT/Kelas 2020A (3 sks)	SK :- Tgl.SK:-	3	Nilai; Surat Tugas	Selesai	100%	3	Mengajar ada syarat kepatutan yaitu 12 sks, lainnya silahkan dimasukkan beban lebih	Sesuai PO BKD (yang di unggah hanya Mk tertulis, lengkapi dengan daftar hadir dan jurnal)
Genap 2022/2023	Pendidikan	5	Mengajar Matakuliah TEKNOLOGI WIRELESS/Kelas 2020A (3 sks)	SK :- Tgl.SK:-	3	Nilai; Surat Tugas	Selesai	100%	3	Mengajar ada syarat kepatutan yaitu 12 sks, lainnya silahkan dimasukkan beban lebih	Sesuai PO BKD (yang di unggah hanya Mk tertulis, lengkapi dengan daftar hadir dan jurnal)
Genap 2022/2023	Penelitian	1	SISTEM INFORMASI MANAGEMENT PEMBANGUNAN PABRIK PT. SEMEN GRESIK	Nama :Curtina Jurnal Tgl. :- Terbit	2.5	Jurnal Nasional	Selesai	100%	0.25	Bukti kenirja hanya berupa sampul, harap dibenahi. Pengusul bukan penulis tunggal tetapi sebagai penulis ke 4 dari 5 penulis, dan bukan sbg coresponden author (10%x2,5=0,25	Sesuai PO BKD
Genap 2022/2023	Pengabdian	1	PENGGUNAAN SAFETY DIGITAL DI ERA MILENIAL di Desa Weden Kecamatan Bangilan Kabupaten Tuban	SK :No. 097a/VII/071073/LPM/VII/2023 Tgl.SK:26 Juli 2023	2	ST pengabdian Fitroh; Surat Tugas Ulfa; ST Aris Wijayanti; PENGGUNAAN SAFETY DIGITAL DI ERA MILENIAL; ST- Pengabdian Masyarakat Amaludin; ST Pengabdian Asfan	Selesai	100%	1.1875	Sesuai PO BKD 2021	Melayani masyarakat sesuai bidang ilmunya
Genap 2022/2023	Pengabdian	2	PELATIHAN MARKETING DAN DIGITAL UNTUK PENINGKATAN USAHA RUMAH TANGGA ERA REVOLUSI INDUSTRI 4.0 DI KECAMATAN SEMANDING di Semanding, Tuban, Jawa Timur	SK :018/VII/071073/PGRI/LPM/III/2023 Tgl.SK:15 Maret 2023	0.375	Surat Tugas PkM Digital Marketing; Laporan Pengabdian Masyarakat Digital Marketing	Selesai	100%	0.375	Sesuai PO BKD 2021	Sesuai PO BKD
Genap 2022/2023	Pengabdian	3	SISTEM PENERANGAN TENAGA SURYA UNTUK AREA PERSAWAHAN DESA MADURAN KABUPATEN LAMONGAN	SK :- Tgl.SK:-	2.5	Artikel Pengabdian Kepada Masyarakat; ST KEGIATAN MENGHASILKAN KARYA ILMIAH DAN PUBLIKASI ; Jurnal SISTEM PENERANGAN TENAGA SURYA UNTUK AREA PERSAWAHAN ; Cover, editorial, daftar isi Artikel PKM	Selesai	100%	2.5	Sesuai PO BKD 2021	-
Genap 2022/2023	Penunjang	1	Panitia Ujian Akhir Semester Gasal di Universitas PGRI Ronggolawe	0062/071073/PGRI/AK/I/2023- SK : SK Tgl.SK:07 Januari 2023	0.5	ST Dekan Amaludin; Surat Tugas Penunjang Fitroh; Surat Tugas Asfan; Surat Tugas Penunjang Alfian Nurlifa; SK UAS Gasal 2023	Berlanjut	100%	0.375	Kepanitian tingat Fakultas sebagai anggota	Sesuai PO BKD
Genap 2022/2023	Penunjang	2	Panitia Ujian Akhir Semester Genap di Universitas PGRI Ronggolawe	1412/071073/PGRI/AK/VII/2023- SK : SK Tgl.SK:24 Juni 2023	0.5	Sk rektor	Berlanjut	100%	0.37625	Kepanitian tingat Fakultas sebagai anggota	Sesuai PO BKD
Genap 2022/2023	Penunjang	3	Senat Perguruan Tinggi di Universitas PGRI Ronggolawe	727/071073/PGRI/KP/VI/2020- SK : SK Tgl.SK:02 Desember 2019	0.75	SK Senat	Berlanjut	100%	0.625	Sebagai ANggota tingkat universitas	Sesuai PO bKD
Genap 2022/2023	Penunjang	1	CLUSTERING DAERAH RAWAN BANJIR DI KABUPATEN TUBAN DENGAN K-MEANS DISERTAI VISUALISASI SISTEM INFORMASI GEOGRAFIS Hasil penelitian/pemikiran yang dipublikasikan dalam bentuk jurnal nasional	SK :- 31 Juli Tgl.SK: 2022	100%	31 Juli 2022 sampai 31 Juli 2025	Cover Jurnal; Surat Tugas Penelitian Alfian Nurlifa; Daftar Isi; Artikel Jurnal Curtina Juli 2022; Editorial	Sesuai	Dinilai SESUAI semester lalu oleh Asesor	Dinilai SESUAI semester lalu oleh Asesor	
Genap 2022/2023	Penunjang	2	PENENTUAN POLA KALIMAT BAHASA INDONESIA PADA KALIMAT AKTIF DAN KALIMAT PASIF DENGAN MENGGUNAKAN METODE CONTEXT FREE GRAMMER (CFG) Hasil penelitian/pemikiran yang dipublikasikan dalam bentuk jurnal nasional	SK :- 01 Juli Tgl.SK: 2021	100%	01 Juli 2021 sampai 01 Juli 2024	Cover Curtina Vol 2 No 1 Juli 2021; Artikel Penentuan Pola Kalimat; Daftar Isi Vol 2 No 1 Juli 2021	Sesuai	Dinilai SESUAI semester lalu oleh Asesor	Dinilai SESUAI semester lalu oleh Asesor	
Genap 2022/2023	Penunjang	3	SISTEM PAKAR DIAGNOSA PENYAKIT KUCING DENGAN NAÃƒÂVE BAYES Hasil penelitian/pemikiran yang dipublikasikan dalam bentuk jurnal nasional	SK :- 01 Juli Tgl.SK: 2021	100%	01 Juli 2021 sampai 01 Juli 2024	Artikel Sistem Pakar Diagnosa Penyakit Kucing	Sesuai	Dinilai SESUAI semester lalu oleh Asesor	Dinilai SESUAI semester lalu oleh Asesor	
Genap 2022/2023	Penunjang	4	PEMANFAATAN SENSOR WARNA SEBAGAI ALAT PENDETEKSI KESEGARAN BUAH DENGAN NOTIF MONITORING LED Hasil penelitian atau hasil pemikiran yang Dipresentasikan secara oral dan dimuat dalam prosiding yang dipublikasikan (ber ISSN/ISBN): Nasional	SK :- 03 Tgl.SK:November 2022	100%	03 November 2022 sampai 03 November 2025	Cover-Editorial team-Daftar Isi; Artikel prosiding Publikasi	Sesuai	Sesuai PO BKD publikasi artikel ilmiah	Bukti kinerja sesuai	
Genap 2022/2023	Penunjang	5	Evaluasi Sistem Informasi Pelayanan Administrasi Desa Menggunakan Pendekatan User Persona dan User Journey Map Hasil penelitian atau hasil pemikiran yang Dipresentasikan secara oral dan dimuat dalam prosiding yang dipublikasikan (ber ISSN/ISBN): Nasional	SK :- 16 Januari Tgl.SK: 2023	100%	16 Januari 2023 sampai 16 Januari 2026	Junral Penelitian; Surat Tugas Penelitian Alfian Nurlifa; Daftar Isi; Artikel Ilmiah Prosiding	Sesuai	Dinilai SESUAI semester lalu oleh Asesor	Dinilai SESUAI semester lalu oleh Asesor	
Genap 2022/2023	Penunjang	6	MONITORING ALIRAN INFUS PASIEN MACET DI RUANG PERAWAT MENGGUNAKAN NRF WIRELESS COMMUNICATION Hasil penelitian atau hasil pemikiran yang Dipresentasikan secara oral dan dimuat dalam prosiding yang dipublikasikan (ber ISSN/ISBN): Nasional	SK :- 08 Januari Tgl.SK: 2022	100%	08 Januari 2022 sampai 08 Januari 2025	Surat Tugas Penelitian; Sertifikat Pemakalah; S.T. Penelitian Amaludin; Papper Prosiding	Sesuai	Dinilai SESUAI semester lalu oleh Asesor	Dinilai SESUAI semester lalu oleh Asesor	
Genap 2022/2023	Penunjang	1	Pelaksanaan Pendidikan	Tidak boleh kosong	9	6	M				
Genap 2022/2023	Penunjang	3	Pelaksanaan Pengabdian	Tidak boleh kosong	4.0625	0	M				
Ganjil 2023/2024	Pendidikan	1	Mengajar Matakuliah SISTEM INFORMASI BISNIS/Kelas 2020C (3 sks)	SK :- Tgl.SK:-	3	Surat Tugas; Nilai Akhir	Selesai	100%	3	Sesuai PO BKD 2021, Bukti kinerja sesuai	Sesuai dengan PO BKD 2021
Ganjil 2023/2024	Pendidikan	2	Mengajar Matakuliah SISTEM INFORMASI BISNIS/Kelas 2020B (3 sks)	SK :- Tgl.SK:-	3	Surat Tugas; Nilai Akhir	Selesai	100%	3	Sesuai PO BKD 2021, Bukti kinerja sesuai	Sesuai dengan PO BKD 2021
Ganjil 2023/2024	Pendidikan	3	Mengajar Matakuliah SISTEM INFORMASI BISNIS/Kelas 2020A (3 sks)	SK :- Tgl.SK:-	3	Nilai Akhir; Surat Tugas	Selesai	100%	3	Sesuai PO BKD 2021, Bukti kinerja sesuai	Sesuai dengan PO BKD 2021
Ganjil 2023/2024	Penelitian	1	PERANCANGAN UI/UX APLIKASI FISHLINE MENGGUNAKAN METODE DESIGN THINKING	JATI : Jurnal Nama Mahasiswa : Jurnal Teknik Informatika Tgl. 05 Februari : Terbit 2024	1.25	Surat Tugas Penelitian Alfian Nurlifa; Artikel Ilmiah; Cover Jurnal	Selesai	20%	0.875	Termasuk dalam Jurnal nasional , Sebagai penulis 3 dengan dua anggota , ((40%:2)x 2,5 = 0,5)	Sesuai dengan PO BKD 2021
Ganjil 2023/2024	Pengabdian	1	Pelatihan Desain E-Modul Media Pembelajaran di Tuban	SK :035b/VII/071073/PGRI/LPM/IX/2023 Tgl.SK:19 Oktober 2023	0.375	Laporan PkM Pelatihan E- Modul Media Pembelajaran; Surat Tugas Pengmas Alfian; ST Pengabdian Kepada Masyarakat MIftachul Munir; ST Pengabdian Masyarakat Amaludin Arifia	Selesai	100%	0.3125	Masuk memberikan penyuluhan insidental tingkat lokal	Sesuai dengan PO BKD 2021
Ganjil 2023/2024	Pengabdian	2	PELATIHAN MARKETING DAN DIGITAL UNTUK PENINGKATAN USAHA RUMAH TANGGA ERA REVOLUSI INDUSTRI 4.0 DI KECAMATAN SEMANDING di Semanding, Tuban, Jawa Timur	SK :018/VII/071073/PGRI/LPM/III/2023 Tgl.SK:15 Maret 2023	2.5	Surat Tugas Pengabdian Alfian Nurlifa; Artikel Pengmas	Selesai	100%	2.5	-	Sesuai dengan PO BKD 2021
Ganjil 2023/2024	Penunjang	1	Panitia Ujian Akhir Semester Gasal di Universitas PGRI Ronggolawe	0062/071073/PGRI/AK/I/2023- SK : SK Tgl.SK:07 Januari 2023	0.5	ST Dekan Amaludin; Surat Tugas Penunjang Fitroh; Surat Tugas Asfan; Surat Tugas Penunjang Alfian Nurlifa; SK UAS Gasal 2023	Selesai	100%	0.375	Tingkat Fakultas	Sesuai dengan PO BKD 2021
Ganjil 2023/2024	Penunjang	2	Panitia Ujian Akhir Semester Genap di Universitas PGRI Ronggolawe	1412/071073/PGRI/AK/VII/2023- SK : SK Tgl.SK:24 Juni 2023	0.5	Sk rektor	Selesai	100%	0.375	Tingkat Fakultas	Sesuai dengan PO BKD 2021
Ganjil 2023/2024	Penunjang	1	PERANCANGAN UI/UX APLIKASI FISHLINE MENGGUNAKAN METODE DESIGN THINKING Hasil penelitian/pemikiran yang dipublikasikan dalam bentuk jurnal nasional terakreditasi Kemenristekdikti	SK :- 05 Tgl.SK:Februari 2024	100%	05 Februari 2024 sampai 05 Februari 2027	Surat Tugas Penelitian Alfian Nurlifa; Artikel Ilmiah; Cover Jurnal	Sesuai	sesuai dengan syarat kewajiban khusus	Sesuai dengan PO BKD 2021	
Ganjil 2023/2024	Penunjang	2	CLUSTERING DAERAH RAWAN BANJIR DI KABUPATEN TUBAN DENGAN K-MEANS DISERTAI VISUALISASI SISTEM INFORMASI GEOGRAFIS Hasil penelitian/pemikiran yang dipublikasikan dalam bentuk jurnal nasional	SK :- 31 Juli Tgl.SK: 2022	100%	31 Juli 2022 sampai 31 Juli 2025	Cover Jurnal; Surat Tugas Penelitian Alfian Nurlifa; Daftar Isi; Artikel Jurnal Curtina Juli 2022; Editorial	Sesuai	Dinilai SESUAI semester lalu oleh Asesor	Dinilai SESUAI semester lalu oleh Asesor	
Ganjil 2023/2024	Penunjang	3	SISTEM PAKAR DIAGNOSA PENYAKIT KUCING DENGAN NAÃƒÂVE BAYES Hasil penelitian/pemikiran yang dipublikasikan dalam bentuk jurnal nasional	SK :- 01 Juli Tgl.SK: 2021	100%	01 Juli 2021 sampai 01 Juli 2024	Artikel Sistem Pakar Diagnosa Penyakit Kucing	Sesuai	Dinilai SESUAI semester lalu oleh Asesor	Dinilai SESUAI semester lalu oleh Asesor	
Ganjil 2023/2024	Penunjang	4	PENENTUAN POLA KALIMAT BAHASA INDONESIA PADA KALIMAT AKTIF DAN KALIMAT PASIF DENGAN MENGGUNAKAN METODE CONTEXT FREE GRAMMER (CFG) Hasil penelitian/pemikiran yang dipublikasikan dalam bentuk jurnal nasional	SK :- 01 Juli Tgl.SK: 2021	100%	01 Juli 2021 sampai 01 Juli 2024	Cover Curtina Vol 2 No 1 Juli 2021; Artikel Penentuan Pola Kalimat; Daftar Isi Vol 2 No 1 Juli 2021	Sesuai	Dinilai SESUAI semester lalu oleh Asesor	Dinilai SESUAI semester lalu oleh Asesor	
Ganjil 2023/2024	Penunjang	5	SISTEM INFORMASI MANAGEMENT PEMBANGUNAN PABRIK PT. SEMEN GRESIK Hasil penelitian/pemikiran yang dipublikasikan dalam bentuk jurnal nasional	SK :- 31 Juli Tgl.SK: 2023	100%	31 Juli 2023 sampai 31 Juli 2026	Jurnal Nasional	Tidak Sesuai	sesuai dengan syarat kewajiban khusus	Tidak sesuai dengan PO BKD 2021, artikel tidak ada hanya cover	
Ganjil 2023/2024	Penunjang	6	MONITORING ALIRAN INFUS PASIEN MACET DI RUANG PERAWAT MENGGUNAKAN NRF WIRELESS COMMUNICATION Hasil penelitian atau hasil pemikiran yang Dipresentasikan secara oral dan dimuat dalam prosiding yang dipublikasikan (ber ISSN/ISBN): Nasional	SK :- 08 Januari Tgl.SK: 2022	100%	08 Januari 2022 sampai 08 Januari 2025	Surat Tugas Penelitian; Sertifikat Pemakalah; S.T. Penelitian Amaludin; Papper Prosiding	Sesuai	Dinilai SESUAI semester lalu oleh Asesor	Dinilai SESUAI semester lalu oleh Asesor	
Ganjil 2023/2024	Penunjang	7	PEMANFAATAN SENSOR WARNA SEBAGAI ALAT	SK :-	100%	03 November	Cover-Editorial team-Daftar Isi;	Sesuai	Dinilai SESUAI	Dinilai SESUAI	
Ganjil 2023/2024	Penunjang	8	Evaluasi Sistem Informasi Pelayanan Administrasi Desa Menggunakan Pendekatan User Persona dan User Journey Map Hasil penelitian atau hasil pemikiran yang Dipresentasikan secara oral dan dimuat dalam prosiding yang dipublikasikan (ber ISSN/ISBN): Nasional	SK :- 16 Januari Tgl.SK: 2023	100%	16 Januari 2023 sampai 16 Januari 2026	Junral Penelitian; Surat Tugas Penelitian Alfian Nurlifa; Daftar Isi; Artikel Ilmiah Prosiding	Sesuai	Dinilai SESUAI semester lalu oleh Asesor	Dinilai SESUAI semester lalu oleh Asesor	
Ganjil 2023/2024	Penunjang	1	Pelaksanaan Pendidikan	Tidak boleh kosong	9	0	M				
Ganjil 2023/2024	Penunjang	3	Pelaksanaan Pengabdian	Tidak boleh kosong	2.8125	0	M				
Genap 2023/2024	Pendidikan	1	Mengajar Matakuliah BIOINFORMATIKA/Kelas 2021 (3 sks)	SK :- Tgl.SK:-	3	Surat Tugas; Nilai MK Bioinformatika	Selesai	100%	3	Sesuai dengan PO BKD 2021, bukti kinerja lainnya spt preseensi dosen , mhs, jurnal perlu dilengkapi	Sesuai PO BKD 2021, Bukti kinerja sesuai
Genap 2023/2024	Pendidikan	2	Mengajar Matakuliah PROGRAM KOMPUTER/Kelas 2023B (3 sks)	SK :- Tgl.SK:-	3	Surat Tugas; Nilai Pemrograman Komputer 2023 B	Selesai	100%	3	Sesuai dengan PO BKD 2021, bukti kinerja lainnya spt preseensi dosen , mhs, jurnal perlu dilengkapi	Sesuai PO BKD 2021, Bukti kinerja sesuai
Genap 2023/2024	Pendidikan	3	Mengajar Matakuliah PROGRAM KOMPUTER/Kelas 2023C (3 sks)	SK :- Tgl.SK:-	3	Nilai Pemrograman Komputer 2023 C; Surat Tugas	Selesai	100%	3	Sesuai dengan PO BKD 2021, bukti kinerja lainnya spt preseensi dosen , mhs, jurnal perlu dilengkapi	Sesuai PO BKD 2021, Bukti kinerja sesuai
Genap 2023/2024	Pendidikan	4	Mengajar Matakuliah PROGRAM KOMPUTER/Kelas 2023A (3 sks)	SK :- Tgl.SK:-	3	Surat Tugas; Nilai Pemrograman Komputer 2023 A	Selesai	100%	3	Sesuai dengan PO BKD 2021, bukti kinerja lainnya spt preseensi dosen , mhs, jurnal perlu dilengkapi	Sesuai PO BKD 2021, Bukti kinerja sesuai
Genap 2023/2024	Penelitian	1	KLASIFIKASI PENENTUAN PENENRIMA BANTUAN PANGAN NON TUNAI DENGAN MENGGUNAKAN METODE KNN (K- NEAREST NEIGHBOR)	Nama :Curtina Jurnal Tgl. 31 Juli : Terbit 2024	0.5	Artikel Jurnal	Selesai	20%	0.5	Sesuai dengan PO BKD 2021, bukti kinerja lainnya spt juga cover jurnal, editor, dll	Termasuk dalam Jurnal nasional , Sebagai penulis 3 dengan dua anggota , (20% x 2,5 = 0,5)
Genap 2023/2024	Pengabdian	1	Pemanfaatan Canva untuk Pembuatan Quiz Pembelajaran di SD Negeri Temaji III Jenu	SK :014a/071073/LPM/ST/V/2024 Tgl.SK:06 Mei 2024	0.375	Pemanfaatan Canva untuk Pembuatan Quiz Pembelajaran; Surat Tugas Pengabdian Kepada Masyarakat di SDN Temaji III; ST- Amaludin	Selesai	100%	0.375	Sesuai dengan PO BKD 2021, surat tusasnya pelu dilampirkan	Sesuai PO BKD 2021, Bukti kinerja sesuai
Genap 2023/2024	Penunjang	1	Panitia Ujian Akhir Semester Genap TA 2023/2024 di Universitas PGRI Ronggolawe	1704/071073/AK/2024- SK : SK Tgl.SK:01 Juli 2024	0.5	SK UAS Genap 2024	Selesai	100%	0.375	Sesuai dengan PO BKD 2021,	Sesuai Tingkat Jurusan sebagai Anggota
Genap 2023/2024	Penunjang	2	Kuliah Kerja Nyata Pemberdayaan Masyarakat (KKN- PM) di Universitas PGRI Ronggolawe	1669/071073/AK/2024- SK : SK Tgl.SK:26 Juni 2024	0.5	SK KKN 2024	Berlanjut	100%	0.5	Sesuai dengan PO BKD 2021,	Sesuai PO BKD 2021, Bukti kinerja sesuai
Genap 2023/2024	Penunjang	3	Panitia SNASPPM IX di Universitas PGRI Ronggolawe	1526/071073/AK/2024- SK : SK Tgl.SK:10 Juni 2024	0.5	SK SNasPPM IX	Berlanjut	100%	0.5	Sesuai dengan PO BKD 2021,	Sesuai PO BKD 2021, Bukti kinerja sesuai
Genap 2023/2024	Penunjang	1	PERANCANGAN UI/UX APLIKASI FISHLINE MENGGUNAKAN METODE DESIGN THINKING Hasil penelitian/pemikiran yang dipublikasikan dalam bentuk jurnal nasional terakreditasi Kemenristekdikti	SK :- 05 Tgl.SK:Februari 2024	100%	05 Februari 2024 sampai 05 Februari 2027	Surat Tugas Penelitian Alfian Nurlifa; Artikel Ilmiah; Cover Jurnal	Sesuai	Dinilai SESUAI semester lalu oleh Asesor	Dinilai SESUAI semester lalu oleh Asesor	
Genap 2023/2024	Penunjang	2	SISTEM INFORMASI MANAGEMENT PEMBANGUNAN PABRIK PT. SEMEN GRESIK Hasil penelitian/pemikiran yang dipublikasikan dalam bentuk jurnal nasional	SK :- 31 Juli Tgl.SK: 2023	100%	31 Juli 2023 sampai 31 Juli 2026	Jurnal Nasional	Sesuai	Dinilai SESUAI semester lalu oleh Asesor	Dinilai SESUAI semester lalu oleh Asesor	
Genap 2023/2024	Penunjang	3	CLUSTERING DAERAH RAWAN BANJIR DI KABUPATEN TUBAN DENGAN K-MEANS DISERTAI VISUALISASI SISTEM INFORMASI GEOGRAFIS Hasil penelitian/pemikiran yang dipublikasikan dalam bentuk jurnal nasional	SK :- 31 Juli Tgl.SK: 2022	100%	31 Juli 2022 sampai 31 Juli 2025	Cover Jurnal; Surat Tugas Penelitian Alfian Nurlifa; Daftar Isi; Artikel Jurnal Curtina Juli 2022; Editorial	Sesuai	Dinilai SESUAI semester lalu oleh Asesor	Dinilai SESUAI semester lalu oleh Asesor	
Genap 2023/2024	Penunjang	4	KLASIFIKASI PENENTUAN PENENRIMA BANTUAN PANGAN NON TUNAI DENGAN MENGGUNAKAN METODE KNN (K- NEAREST NEIGHBOR) Hasil penelitian/pemikiran yang dipublikasikan dalam bentuk jurnal nasional	SK :- 31 Juli Tgl.SK: 2024	100%	31 Juli 2024 sampai 31 Juli 2027	Artikel Jurnal	Sesuai	Sesuai dengan PO BKD 2021,	Sesuai PO BKD 2021, Bukti kinerja sesuai	
Genap 2023/2024	Penunjang	5	PEMANFAATAN SENSOR WARNA SEBAGAI ALAT PENDETEKSI KESEGARAN BUAH DENGAN NOTIF MONITORING LED Hasil penelitian atau hasil	SK :- 03 Tgl.SK:November 2022	100%	03 November 2022 sampai 03 November 2025	Cover-Editorial team-Daftar Isi; Artikel prosiding Publikasi	Sesuai	Dinilai SESUAI semester lalu oleh Asesor	Dinilai SESUAI semester lalu oleh Asesor	
Genap 2023/2024	Penunjang	6	MONITORING ALIRAN INFUS PASIEN MACET DI RUANG PERAWAT MENGGUNAKAN NRF WIRELESS COMMUNICATION Hasil penelitian atau hasil pemikiran yang Dipresentasikan secara oral dan dimuat dalam prosiding yang dipublikasikan (ber ISSN/ISBN): Nasional	SK :- 08 Januari Tgl.SK: 2022	100%	08 Januari 2022 sampai 08 Januari 2025	Surat Tugas Penelitian; Sertifikat Pemakalah; S.T. Penelitian Amaludin; Papper Prosiding	Sesuai	Dinilai SESUAI semester lalu oleh Asesor	Dinilai SESUAI semester lalu oleh Asesor	
Genap 2023/2024	Penunjang	7	Evaluasi Sistem Informasi Pelayanan Administrasi Desa Menggunakan Pendekatan User Persona dan User Journey Map Hasil penelitian atau hasil pemikiran yang Dipresentasikan secara oral dan dimuat dalam prosiding yang dipublikasikan (ber ISSN/ISBN): Nasional	SK :- 16 Januari Tgl.SK: 2023	100%	16 Januari 2023 sampai 16 Januari 2026	Junral Penelitian; Surat Tugas Penelitian Alfian Nurlifa; Daftar Isi; Artikel Ilmiah Prosiding	Sesuai	Dinilai SESUAI semester lalu oleh Asesor	Dinilai SESUAI semester lalu oleh Asesor	
Genap 2023/2024	Penunjang	1	Pelaksanaan Pendidikan	Tidak boleh kosong	12	0	M				
Genap 2023/2024	Penunjang	3	Pelaksanaan Pengabdian	Tidak boleh kosong	0.375	0	M				
Ganjil 2024/2025	Pendidikan	1	Mengajar Matakuliah LOGIKA PEMROGRAMAN/Kelas 2024B (2 sks)	SK :- Tgl.SK:-	2	Surat Tugas; Daftar Nilai	Selesai	100%	2	Sesuai dengan PO BKD 2021, dengan catatan agar dilengkapi dengan Preseensi dan Jurnal Kuliah	Sesuai PO BKD 2021, Bukti kinerja sesuai
Ganjil 2024/2025	Pendidikan	2	Mengajar Matakuliah LOGIKA PEMROGRAMAN/Kelas 2024C (2 sks)	SK :- Tgl.SK:-	2	Daftar Nilai; Surat Tugas	Selesai	100%	2	Sesuai dengan PO BKD 2021, dengan catatan agar dilengkapi dengan Preseensi dan Jurnal Kuliah	Sesuai PO BKD 2021, Bukti kinerja sesuai
Ganjil 2024/2025	Pendidikan	3	Mengajar Matakuliah LOGIKA PEMROGRAMAN/Kelas 2024A (2 sks)	SK :- Tgl.SK:-	2	Surat Tugas; Daftar Nilai	Selesai	100%	2	Sesuai dengan PO BKD 2021, dengan catatan agar dilengkapi dengan Preseensi dan Jurnal Kuliah	Sesuai PO BKD 2021, Bukti kinerja sesuai
Ganjil 2024/2025	Pendidikan	4	Mengajar Matakuliah BASIS DATA TERDISTRIBUSI/Kelas 2022A (3 sks)	SK :- Tgl.SK:-	3	Surat Tugas; Daftar Nilai	Selesai	100%	3	Sesuai dengan PO BKD 2021, dengan catatan agar dilengkapi dengan Preseensi dan Jurnal Kuliah, dzn Untuk nilai mata kuliah lainnya supaya dilaporkan juga	Sesuai PO BKD 2021, Bukti kinerja sesuai
Ganjil 2024/2025	Penelitian	1	Sistem Pendukung Keputusan Anak berkebutuhan Khusus Menggunakan Metode Analisi Cluster	Nama :ANTIVIRUS Jurnal Tgl. 30 Januari : Terbit 2025	1.5	Bukti Korespondensi; Jurnal Penelitian anti Virus; Cek Plagiasi; Laporan akhir Penelitian	Selesai	60%	0.75	Tidak Sesuai dengan PO BKD 2021, Artikel Jurnal yg diupload bukan milik Pengusul	Sesuai PO BKD 2021, Bukti kinerja sesuai
Ganjil 2024/2025	Penelitian	2	DINAMIKA ADOPSI TEKNOLOGI KECERDASAN BUATAN DALAM PENDIDIKAN TINGGI: SEBUAH ANALISIS MENGGUNAKAN MODEL PENERIMAAN TEKNOLOGI (TECHNOLOGY ACCEPTANCE MODEL TAM)	Prosiding Seminar Nasional ISBN : Penelitian dan Pengabdian Masyarakat Tgl. 02 Oktober : Terbit2024	0.3333	artikel prosiding	Selesai	13.3333%	0.3333	Sesuai dengan PO BKD 2021, dengan catatan agar dilengkapi dengan Surat Tugas	Sesuai PO BKD 2021, Bukti kinerja sesuai
Ganjil 2024/2025	Pengabdian	1	Sosialisasi Literasi Digital dan Pencegahan Aksi Perundungan di SDN KLUTUK II Tambakboyo	SK :067d/071073/LPM/ST/XII/2024 Tgl.SK:06 Desember 2024	0.375	Laporan PkM; ST Pengmas; ST Pengmas Gasal 2024- 2025 Dr.Tabitha Sri HW, M.Kes; Surat Tugas Pengabdian Rachmalia Vinda Kusuma; ST Dan Materi Pengabdian Kepada Masyarakat; Surat Tugas PkM	Selesai	100%	0.625	Sesuai dengan PO BKD 2021	berdasarkan penugasan PT
Ganjil 2024/2025	Pengabdian	2	MENDORONG KESETARAAN INKLUSI DI ERA DIGITAL: KATALOG PRODUK UMKM DISABILITAS SEBAGAI SARANA PEMBERDAYAAN EKONOMI	SK :- Tgl.SK:-	1	Surat Tugas Pengabdian Alfian Nurlifa; Cover Prosiding; artikel prosiding	Selesai	40%	1.25	Sesuai dengan PO BKD 2021, dengan catatan agar dilengkapi dengan surat tugasnya	sebagai coresponden author 60% x 2,5 = 1,5
Ganjil 2024/2025	Penunjang	1	Panitia SNASPPM IX di Universitas PGRI Ronggolawe	SK :1526/071073/AK/2024-SK Tgl.SK:10 Juni 2024	0.5	SK SNasPPM IX	Selesai	100%	0.375	Sesuai dengan PO BKD 2021	tingkat fakultas
Ganjil 2024/2025	Penunjang	2	panitia Ujian Akhir Semester (UAS) Gasal di Universitas PGRI Ronggolawe	SK. Rektor No. SK : 3266/071073/AK/2024-SK Tgl.SK:30 Desember 2024	0.5	SK Panitia UAS	Selesai	100%	0.375	Sesuai dengan PO BKD 2021	tingkat fakultas
Ganjil 2024/2025	Penunjang	1	PERANCANGAN UI/UX APLIKASI FISHLINE MENGGUNAKAN METODE DESIGN THINKING Hasil penelitian/pemikiran yang dipublikasikan dalam bentuk jurnal nasional terakreditasi Kemenristekdikti	SK :- 05 Tgl.SK:Februari 2024	100%	05 Februari 2024 sampai 05 Februari 2027	Surat Tugas Penelitian Alfian Nurlifa; Artikel Ilmiah; Cover Jurnal	Sesuai	Dinilai SESUAI semester lalu oleh Asesor	Dinilai SESUAI semester lalu oleh Asesor	
Ganjil 2024/2025	Penunjang	2	CLUSTERING DAERAH RAWAN BANJIR DI KABUPATEN TUBAN DENGAN K-MEANS DISERTAI VISUALISASI SISTEM INFORMASI GEOGRAFIS Hasil penelitian/pemikiran yang dipublikasikan dalam bentuk jurnal nasional	SK :- 31 Juli Tgl.SK: 2022	100%	31 Juli 2022 sampai 31 Juli 2025	Cover Jurnal; Surat Tugas Penelitian Alfian Nurlifa; Daftar Isi; Artikel Jurnal Curtina Juli 2022; Editorial	Sesuai	Dinilai SESUAI semester lalu oleh Asesor	Dinilai SESUAI semester lalu oleh Asesor	
Ganjil 2024/2025	Penunjang	3	SISTEM INFORMASI MANAGEMENT PEMBANGUNAN PABRIK PT. SEMEN GRESIK Hasil penelitian/pemikiran yang dipublikasikan dalam bentuk jurnal nasional	SK :- 31 Juli Tgl.SK: 2023	100%	31 Juli 2023 sampai 31 Juli 2026	Jurnal Nasional	Sesuai	Dinilai SESUAI semester lalu oleh Asesor	Dinilai SESUAI semester lalu oleh Asesor	
Ganjil 2024/2025	Penunjang	4	KLASIFIKASI PENENTUAN PENENRIMA BANTUAN PANGAN NON TUNAI DENGAN MENGGUNAKAN METODE KNN (K-NEAREST NEIGHBOR) Hasil penelitian/pemikiran yang dipublikasikan dalam bentuk jurnal nasional	SK :- 31 Juli Tgl.SK: 2024	100%	31 Juli 2024 sampai 31 Juli 2027	Artikel Jurnal	Sesuai	Dinilai SESUAI semester lalu oleh Asesor	Dinilai SESUAI semester lalu oleh Asesor	
Ganjil 2024/2025	Penunjang	5	Sistem Pendukung Keputusan Anak berkebutuhan Khusus Menggunakan Metode Analisi Cluster Hasil penelitian/pemikiran yang dipublikasikan dalam bentuk jurnal nasional	SK :- 30 Januari Tgl.SK: 2025	100%	30 Januari 2025 sampai 30 Januari 2028	Bukti Korespondensi; Jurnal Penelitian anti Virus; Cek Plagiasi; Laporan akhir Penelitian	Sesuai	Sesuai dengan PO BKD 2021	Sesuai PO BKD 2021, Bukti kinerja sesuai	
Ganjil 2024/2025	Penunjang	7	MONITORING ALIRAN INFUS PASIEN MACET DI RUANG PERAWAT MENGGUNAKAN NRF WIRELESS COMMUNICATION Hasil penelitian atau hasil pemikiran yang Dipresentasikan secara oral dan dimuat dalam prosiding yang dipublikasikan (ber ISSN/ISBN): Nasional	SK :- 08 Januari Tgl.SK: 2022	100%	08 Januari 2022 sampai 08 Januari 2025	Surat Tugas Penelitian; Sertifikat Pemakalah; S.T. Penelitian Amaludin; Papper Prosiding	Sesuai	Dinilai SESUAI semester lalu oleh Asesor	Dinilai SESUAI semester lalu oleh Asesor	
Ganjil 2024/2025	Penunjang	8	Evaluasi Sistem Informasi Pelayanan Administrasi Desa Menggunakan Pendekatan User Persona dan User Journey Map Hasil penelitian atau hasil pemikiran yang Dipresentasikan secara oral dan dimuat dalam prosiding yang dipublikasikan (ber ISSN/ISBN): Nasional	SK :- 16 Januari Tgl.SK: 2023	100%	16 Januari 2023 sampai 16 Januari 2026	Junral Penelitian; Surat Tugas Penelitian Alfian Nurlifa; Daftar Isi; Artikel Ilmiah Prosiding	Sesuai	Dinilai SESUAI semester lalu oleh Asesor	Dinilai SESUAI semester lalu oleh Asesor	
Ganjil 2024/2025	Penunjang	9	DINAMIKA ADOPSI TEKNOLOGI KECERDASAN BUATAN DALAM PENDIDIKAN TINGGI: SEBUAH ANALISIS MENGGUNAKAN MODEL PENERIMAAN TEKNOLOGI (TECHNOLOGY ACCEPTANCE MODEL TAM) Hasil penelitian atau hasil pemikiran yang Dipresentasikan secara oral dan dimuat dalam prosiding yang dipublikasikan (ber ISSN/ISBN): Nasional	SK :- 02 Tgl.SK:Oktober 2024	100%	02 Oktober 2024 sampai 02 Oktober 2027	artikel prosiding	Tidak Sesuai	Tidak sesuai dengan PO BKD 2021, tagihan khusus Artikel Jurnal bukan proseding	Bukan Kewajiban khusus Asisten Ahli	
Ganjil 2024/2025	Penunjang	1	Pelaksanaan Pendidikan	Tidak boleh kosong	9	0	M				
Ganjil 2024/2025	Penunjang	3	Pelaksanaan Pengabdian	Tidak boleh kosong	1.875	0	M				
Genap 2024/2025	Pendidikan	1	Mengajar Matakuliah ANALISA DAN PERANCANGAN SISTEM INFORMASI/Kelas 2022B (3 sks)	SK :- Tgl.SK:-	3	Daftar Nilai; Surat Tugas	Selesai	100%	3	sesuai dengan PO BKD 2021 (perlu dilrngkspi dengan Presensi mhs dan jurnal	Sesuai PO BKD 2021, Bukti kinerja sesuai
Genap 2024/2025	Pendidikan	2	Mengajar Matakuliah ANALISA DAN PERANCANGAN SISTEM INFORMASI/Kelas 2022A (3 sks)	SK :- Tgl.SK:-	3	Surat Tugas; Daftar Nilai	Selesai	100%	3	sesuai dengan PO BKD 2021 (perlu dilrngkspi dengan Presensi mhs dan jurnal	Sesuai PO BKD 2021, Bukti kinerja sesuai
Genap 2024/2025	Pendidikan	3	Mengajar Matakuliah ANALISA DAN PERANCANGAN SISTEM INFORMASI/Kelas 2022C (3 sks)	SK :- Tgl.SK:-	3	Surat Tugas; Daftar Nilai	Selesai	100%	3	sesuai dengan PO BKD 2021 (perlu dilrngkspi dengan Presensi mhs dan jurnal	Sesuai PO BKD 2021, Bukti kinerja sesuai
Genap 2024/2025	Pendidikan	4	Mengajar Matakuliah BIOINFORMATIKA/Kelas 2022 (3 sks)	SK :- Tgl.SK:-	3	Surat Tugas; Daftar Nilai	Beban lebih	100%	3	sesuai dengan PO BKD 2021 (perlu dilrngkspi dengan Presensi mhs dan jurnal	Sesuai PO BKD 2021, Bukti kinerja sesuai
Genap 2024/2025	Pendidikan	5	Melakukan pembinaan kegiatan mahasiswa di bidang akademik (PA) dan kemahasiswaan (BEM, Maperwa, dan lain-lain)	SK :- Tgl.SK:-	2	Tidak ada dokumen	Selesai	100%	0	tidak sesuai dengan PO BKD 2021	Bukti pendukung tidak ada
Genap 2024/2025	Penelitian	1	IoT-Based Long Range Wireless Gas Monitoring System for Real-Time Detection and Prevention of LPG Leaks and Fire Hazards in Storage Facilities	International Conference on ISBN :Next-Generation Communication and Computing Tgl. :06 Juli 2025 Terbit	6.25	Jurnal	Beban lebih	100%	5	sesuai dengan PO BKD 2021	Sebagai penulis pertama dan CA
Genap 2024/2025	Penelitian	2	Clustering K Means	ISBN :- Tgl. 08 Agustus : Terbit 2025	1	Jurnal Curtina	Selesai	40%	1	sesuai dengan PO BKD 2021	ini termasuk artikel tidak terakkreditasi, jumlah anggota 4 anggota
Genap 2024/2025	Pengabdian	1	Juri LKS tingkat SMK Kabupaten Tuban IT Software Solution for Business di SMK Tambakboyo Tuban	SK :0214/071073/KP/2025 Tgl.SK:11 Februari 2025	0.375	Surat Keterangan ; Surat Tugas	Selesai	100%	0.375	sesuai dengan PO BKD 2021	Sesuai PO BKD 2021, Bukti kinerja sesuai
Genap 2024/2025	Pengabdian	2	Juri LKS tingkat SMK Kabupaten Tuban IT Web Technologies di SMK Taruna Jaya Prawira Tuban	SK :0213/071073/KP/2025 Tgl.SK:11 Februari 2025	0.375	Surat Tugas; Surat Keterangan menyelesaikan kegiatan	Selesai	100%	0.375	sesuai dengan PO BKD 2021	Sesuai PO BKD 2021, Bukti kinerja sesuai
Genap 2024/2025	Pengabdian	3	Jurnal Nasional Tidak Terakreditasi: Curtina di Editor	SK :1338/071073/FT/Ak.IIIc/2025 Tgl.SK:03 Maret 2025	5	Surat Tugas	Beban lebih	100%	1	sesuai dengan PO BKD 2021	Jurnal tidak terakreditasi tidak dapat di nilai di LKD
Genap 2024/2025	Penunjang	1	Panitia UAS Genap 2024/2025 di UNIVERSITAS PGRI RONGGOLAWE	SK. Rektor : SK :1376/071073/AK/2025- SK Tgl.SK:23 Juni 2025	0.5	SK UAS Genap 2024-2025	Berlanjut	100%	0.375	sesuai dengan PO BKD 2021	sebagai anggota di tingkat fakultas
Genap 2024/2025	Penunjang	1	PERANCANGAN UI/UX APLIKASI FISHLINE MENGGUNAKAN METODE DESIGN THINKING Hasil penelitian/pemikiran yang dipublikasikan dalam bentuk jurnal nasional terakreditasi Kemenristekdikti	SK :- 05 Tgl.SK:Februari 2024	100%	05 Februari 2024 sampai 05 Februari 2027	Surat Tugas Penelitian Alfian Nurlifa; Artikel Ilmiah; Cover Jurnal	Sesuai	Dinilai SESUAI semester lalu oleh Asesor	Dinilai SESUAI semester lalu oleh Asesor	
Genap 2024/2025	Penunjang	2	SISTEM INFORMASI MANAGEMENT PEMBANGUNAN PABRIK PT. SEMEN GRESIK Hasil penelitian/pemikiran yang dipublikasikan dalam bentuk jurnal nasional	SK :- 31 Juli Tgl.SK: 2023	100%	31 Juli 2023 sampai 31 Juli 2026	Jurnal Nasional	Sesuai	Dinilai SESUAI semester lalu oleh Asesor	Dinilai SESUAI semester lalu oleh Asesor	
Genap 2024/2025	Penunjang	3	KLASIFIKASI PENENTUAN PENENRIMA BANTUAN PANGAN NON TUNAI DENGAN MENGGUNAKAN METODE KNN (K- NEAREST NEIGHBOR) Hasil penelitian/pemikiran yang dipublikasikan dalam bentuk jurnal nasional	SK :- 31 Juli Tgl.SK: 2024	100%	31 Juli 2024 sampai 31 Juli 2027	Artikel Jurnal	Sesuai	Dinilai SESUAI semester lalu oleh Asesor	Dinilai SESUAI semester lalu oleh Asesor	
Genap 2024/2025	Penunjang	4	Sistem Pendukung Keputusan Anak berkebutuhan Khusus Menggunakan Metode Analisi Cluster Hasil penelitian/pemikiran yang dipublikasikan dalam bentuk jurnal nasional	SK :- 30 Tgl.SK:Desember 2024	100%	30 Desember 2024 sampai 30 Desember 2027	Bukti Korespondensi; Jurnal Penelitian anti Virus; Cek Plagiasi; Laporan akhir Penelitian	Sesuai	Dinilai SESUAI semester lalu oleh Asesor	Dinilai SESUAI semester lalu oleh Asesor	
Genap 2024/2025	Penunjang	5	IoT-Based Long Range Wireless Gas Monitoring System for Real-Time Detection and Prevention of LPG Leaks and Fire	SK :- 06 Juli Tgl.SK: 2025	100%	06 Juli 2025 sampai 06 Juli 2028	Jurnal	Sesuai	Sesuai PO BKD 2021 dan sesuai dengan syarat	sesuai dengan PO BKD 2021	
Genap 2024/2025	Penunjang	1	Pelaksanaan Pendidikan	Tidak boleh kosong	9	3	M				
Genap 2024/2025	Penunjang	3	Pelaksanaan Pengabdian	Tidak boleh kosong	1.75	0	M				
Ganjil 2025/2026	Pendidikan	1	Mengajar Matakuliah LOGIKA PEMROGRAMAN/Kelas 2025A (2 sks)	SK :- Tgl.SK:-	2	Surat Tugas; Daftar Nilai	Beban lebih	100%	2	sesuai PO BKD 2021	Sesuai PO BKD 2021, Bukti kinerja sesuai
Ganjil 2025/2026	Pendidikan	2	Mengajar Matakuliah ANALISIS BIG DATA/Kelas 2024C (2 sks)	SK :- Tgl.SK:-	2	Daftar Nilai; Surat Tugas	Beban lebih	100%	2	sesuai PO BKD 2021	Sesuai PO BKD 2021, Bukti kinerja sesuai
Ganjil 2025/2026	Pendidikan	3	Mengajar Matakuliah LOGIKA PEMROGRAMAN/Kelas 2025C (2 sks)	SK :- Tgl.SK:-	2	Daftar Nilai; Surat Tugas	Beban lebih	100%	2	sesuai PO BKD 2021	Sesuai PO BKD 2021, Bukti kinerja sesuai
Ganjil 2025/2026	Pendidikan	4	Mengajar Matakuliah ANALISIS BIG DATA/Kelas 2024A (2 sks)	SK :- Tgl.SK:-	2	Daftar Nilai; Surat Tugas	Beban lebih	100%	2	sesuai PO BKD 2021	Sesuai PO BKD 2021, Bukti kinerja sesuai
Ganjil 2025/2026	Pendidikan	5	Mengajar Matakuliah LOGIKA PEMROGRAMAN/Kelas 2025B (2 sks)	SK :- Tgl.SK:-	2	Daftar Nilai; Surat Tugas	Selesai	100%	2	sesuai PO BKD 2021	Sesuai PO BKD 2021, Bukti kinerja sesuai
Ganjil 2025/2026	Pendidikan	6	Mengajar Matakuliah ANALISIS BIG DATA/Kelas 2024B (2 sks)	SK :- Tgl.SK:-	2	Daftar Nilai; Surat Tugas	Selesai	100%	2	sesuai PO BKD 2021	Sesuai PO BKD 2021, Bukti kinerja sesuai
Ganjil 2025/2026	Pendidikan	7	Algoritma dan Pemrograman dengan Python di Universitas PGRI Ronggolawe	SK :4285/071073/FT/AK.IIh/2025 Tgl.SK:19 Agustus 2025	3	Buku Algoritma dan Pemrograman dengan Python	Selesai	60%	3	sesuai PO BKD 2021	Sesuai PO BKD 2021, Bukti kinerja sesuai
Ganjil 2025/2026	Penelitian	1	Transformasi PGRI dan profesionalisme guru : tantangan era digital & revolusi kecerdasan buatan (AI)	Nama :- Jurnal 22 September Tgl. Terbit: 2025	0.5	Buku; Transformasi PGRI Riska Andriani; surat tugas; Surat Tugas	Beban lebih	10%	0.5	sesuai PO BKD 2021	Sesuai PO BKD 2021, Bukti kinerja sesuai
Ganjil 2025/2026	Penelitian	2	Konsep Dasar Ilmu Pengetahuan Sosial untuk Sekolah Dasar	CV. Global Aksara Pers, Kota Nama :Surabaya ISBN: Jurnal 978-634-280-006-5 httpsÂ …, 2026 Tgl. :01 Januari 2026 Terbit	1	Surat Tugas; Surat tugas Fera Dwidarti; surat tugas; buku	Beban lebih	10%	1	sesuai PO BKD 2021	Sesuai PO BKD 2021, Bukti kinerja sesuai
Ganjil 2025/2026	Penelitian	3	Algoritma dan pemrograman dengan Python	Nama :- Jurnal 30 November Tgl. Terbit: 2025	6	buku; surat tugas	Selesai	60%	3	Tidak sesuai sesuai PO BKD 2021/sudah masuk di Bidang Pendidikan	Sesuai PO BKD 2021, Bukti kinerja sesuai
Ganjil 2025/2026	Penelitian	4	MEMBANGUN SISTEM DIGITALISASI KOPERASI DAN IMPLEMENTASI SISTEM INFORMASI BERBASIS KOMPUTER	Nama :Qua Teknika Jurnal 25 September Tgl. Terbit: 2025	0.1667	Laporan Akir Penelitian; Jurnal Qua Teknika,	Beban lebih	6.6667%	0.1667	sesuai PO BKD 2021	Sesuai PO BKD 2021, Bukti kinerja sesuai
Ganjil 2025/2026	Pengabdian	1	Pelatihan Penggunaan dan Pemanfaatan Artificial Intelegence (AI) dalam Menyusun Bahan Ajar di UPT SMP Negeri 4 Tuban di UPT SMP Negeri 4 Tuban	SK :227a/071073/LPM/ST/XII/2025 Tgl.SK:08 Desember 2025	2	surat tugas; laporan	Selesai	100%	2	-	Sesuai PO BKD 2021, Bukti kinerja sesuai
Ganjil 2025/2026	Pengabdian	2	Jurnal Nasional Tidak Terakreditasi: Curtina di Editor	SK :1338/071073/FT/Ak.IIIc/2025 Tgl.SK:03 Maret 2025	5	Surat Tugas	Beban lebih	100%	5	sesuai PO BKD 2021	-
Ganjil 2025/2026	Penunjang	1	Panitia UAS Genap 2024/2025 di UNIVERSITAS PGRI RONGGOLAWE	SK. Rektor : SK : 1376/071073/AK/2025-SK Tgl.SK:23 Juni 2025	0.5	SK UAS Genap 2024-2025	Selesai	100%	0.375	sesuai PO BKD 2021	Menjadi anggota dalam kegiatan PT di tingkat fakultas (0,25)
Ganjil 2025/2026	Penunjang	2	Tim Pengelola Jurnal Curtina di UNIVERSITAS PGRI RONGGOLAWE	SK :1338/071073/FT/Ak.IIIc/2025 Tgl.SK:03 Maret 2025	0.5	SK Dekan Tim Pengelola Jurnal Curtina	Berlanjut	100%	0.25	sesuai PO BKD 2021	pengeloloa artikel tidak masuk di sini
Ganjil 2025/2026	Penunjang	1	Algoritma dan Pemrograman dengan Python Buku Ajar (cetak atau elektronik)	SK :4285/071073/FT/AK.IIh/2025 Tgl.SK:09 November 2025	100%	09 November 2025 sampai 09 November 2028	Buku Algoritma dan Pemrograman dengan Python	Sesuai	Sesuai PO BKD 2021 dan sesuai dengan syarat kewajiban khusus dan bidang kepakaran dosen	sesuai PO BKD 2021, khususnya pada bidang penulisan buku/bahan ajar	
Ganjil 2025/2026	Penunjang	2	Konsep Dasar Ilmu Pengetahuan Sosial untuk Sekolah Dasar Hasil penelitian/pemikiran yang dipublikasikan dalam bentuk buku referensi	SK :- Tgl.SK:01 Januari 2026	100%	01 Januari 2026 sampai 01 Januari 2029	Surat Tugas; Surat tugas Fera Dwidarti; surat tugas; buku	Sesuai	Sesuai PO BKD 2021 dan sesuai dengan syarat kewajiban khusus dan bidang kepakaran dosen	sesuai PO BKD 2021, khususnya pada bigang penulisan buku refesnsi	
Ganjil 2025/2026	Penunjang	3	Transformasi PGRI dan profesionalisme guru : tantangan era digital & revolusi kecerdasan buatan (AI) Hasil penelitian/pemikiran yang dipublikasikan dalam bentuk buku referensi	SK :- Tgl.SK:23 Oktober 2025	100%	23 Oktober 2025 sampai 23 Oktober 2028	Buku; Transformasi PGRI Riska Andriani; surat tugas; Surat Tugas	Sesuai	Sesuai PO BKD 2021 dan sesuai dengan syarat kewajiban khusus dan bidang kepakaran dosen	sesuai PO BKD 2021, khususnya pada bidangn peunilsan buku referensi	
Ganjil 2025/2026	Penunjang	4	PERANCANGAN UI/UX APLIKASI FISHLINE MENGGUNAKAN METODE DESIGN THINKING Hasil penelitian/pemikiran yang dipublikasikan dalam bentuk jurnal nasional terakreditasi Kemenristekdikti	SK :- Tgl.SK:05 Februari 2024	100%	05 Februari 2024 sampai 05 Februari 2027	Surat Tugas Penelitian Alfian Nurlifa; Artikel Ilmiah; Cover Jurnal	Sesuai	Dinilai SESUAI semester lalu oleh Asesor	Dinilai SESUAI semester lalu oleh Asesor	
Ganjil 2025/2026	Penunjang	5	KLASIFIKASI PENENTUAN PENENRIMA BANTUAN PANGAN NON TUNAI DENGAN MENGGUNAKAN METODE KNN (K-NEAREST NEIGHBOR) Hasil penelitian/pemikiran yang dipublikasikan dalam bentuk jurnal nasional	SK :- Tgl.SK:31 Juli 2024	100%	31 Juli 2024 sampai 31 Juli 2027	Artikel Jurnal	Sesuai	Dinilai SESUAI semester lalu oleh Asesor	Dinilai SESUAI semester lalu oleh Asesor	
Ganjil 2025/2026	Penunjang	6	SISTEM INFORMASI MANAGEMENT PEMBANGUNAN PABRIK PT. SEMEN GRESIK Hasil penelitian/pemikiran yang dipublikasikan dalam bentuk jurnal nasional	SK :- Tgl.SK:31 Juli 2023	100%	31 Juli 2023 sampai 31 Juli 2026	Jurnal Nasional	Sesuai	Dinilai SESUAI semester lalu oleh Asesor	Dinilai SESUAI semester lalu oleh Asesor	
Ganjil 2025/2026	Penunjang	7	Sistem Pendukung Keputusan Anak berkebutuhan Khusus Menggunakan Metode Analisi Cluster Hasil penelitian/pemikiran yang	SK :- Tgl.SK:30 Desember 2024	100%	30 Desember 2024 sampai	Bukti Korespondensi; Jurnal Penelitian anti	Sesuai	Dinilai SESUAI semester	Dinilai SESUAI semester	
Ganjil 2025/2026	Penunjang	8	IoT-Based Long Range Wireless Gas Monitoring System for Real-Time Detection and Prevention of LPG Leaks and Fire Hazards in Storage Facilities Hasil penelitian atau hasil pemikiran yang Dipresentasikan secara oral dan dimuat dalam prosiding yang dipublikasikan (ber ISSN/ISBN): Internasional	SK :- Tgl.SK:06 Juli 2025	100%	06 Juli 2025 sampai 06 Juli 2028	Jurnal	Sesuai	Dinilai SESUAI semester lalu oleh Asesor	Dinilai SESUAI semester lalu oleh Asesor	
Ganjil 2025/2026	Penunjang	9	DINAMIKA ADOPSI TEKNOLOGI KECERDASAN BUATAN DALAM PENDIDIKAN TINGGI: SEBUAH ANALISIS MENGGUNAKAN MODEL PENERIMAAN TEKNOLOGI (TECHNOLOGY ACCEPTANCE MODEL TAM) Hasil penelitian atau hasil pemikiran yang Dipresentasikan secara oral dan dimuat dalam prosiding yang dipublikasikan (ber ISSN/ISBN): Nasional	SK :- Tgl.SK:02 Oktober 2024	100%	02 Oktober 2024 sampai 02 Oktober 2027	artikel prosiding	Sesuai	Sesuai PO BKD 2021 dan sesuai dengan syarat kewajiban khusus dan bidang kepakaran dosen	sesuai PO BKD 2021dalam bidang publikasi	
Ganjil 2025/2026	Penunjang	10	Evaluasi Sistem Informasi Pelayanan Administrasi Desa Menggunakan Pendekatan User Persona dan User Journey Map Hasil penelitian atau hasil pemikiran yang Dipresentasikan secara oral dan dimuat dalam prosiding yang dipublikasikan (ber ISSN/ISBN): Nasional	SK :- Tgl.SK:16 Januari 2023	100%	16 Januari 2023 sampai 16 Januari 2026	Junral Penelitian; Surat Tugas Penelitian Alfian Nurlifa; Daftar Isi; Artikel Ilmiah Prosiding	Tidak Sesuai	Sesuai PO BKD 2021 dan sesuai dengan syarat kewajiban khusus dan bidang kepakaran dosen	Tidak sesuai dengan PO BKD, sudah kadluawarsa	
Ganjil 2025/2026	Penunjang	11	PenerapanAlgoritmaK- MeansdenganPendekatanRFMuntukAnalisis Loyalitas Pelanggan pada Bisnis Online Hasil penelitian atau hasil pemikiran yang Dipresentasikan secara oral dan dimuat dalam prosiding yang dipublikasikan (ber ISSN/ISBN): Nasional	SK :- Tgl.SK:31 Juli 2025	100%	31 Juli 2025 sampai 31 Juli 2028	Jurnal Curtina	Sesuai	Sesuai PO BKD 2021 dan sesuai dengan syarat kewajiban khusus dan bidang kepakaran dosen	sesuai PO BKD 2021 dalam bidang publikasi	
Ganjil 2025/2026	Penunjang	1	Pelaksanaan Pendidikan	Tidak boleh kosong	9	6	M				
Ganjil 2025/2026	Penunjang	3	Pelaksanaan Pengabdian	Tidak boleh kosong	2	5	M				
Genap 2025/2026	Pendidikan	1	Mengajar Matakuliah ANALISA DATA MULTIVARIAT/Kelas 2023C (3 sks)	SK :- Tgl.SK:-	3	Daftar Nilai; Daftar Absensi; Surat Tugas	Selesai	100%	3	baik, tetapi seabaiknya ada bukti kehadiran dosen, dan filnya dijadikan satu	Sesuai PO BKD 2021, Bukti kinerja sesuai
Genap 2025/2026	Pendidikan	2	Mengajar Matakuliah ANALISA DATA MULTIVARIAT/Kelas 2023B (3 sks)	SK :- Tgl.SK:-	3	Surat Tugas; Daftar Absensi; Daftar Nilai	Selesai	100%	3	baik, tetapi seabaiknya ada bukti kehadiran dosen, dan filnya dijadikan satu	Sesuai PO BKD 2021, Bukti kinerja sesuai
Genap 2025/2026	Pendidikan	3	Mengajar Matakuliah BASIS DATA LANJUT/Kelas 2024B (4 sks)	SK :- Tgl.SK:-	4	Daftar Nilai; Surat Tugas; Daftar Absensi	Beban lebih	100%	4	baik, tetapi seabaiknya ada bukti kehadiran dosen, dan filnya dijadikan satu	Sesuai PO BKD 2021, Bukti kinerja sesuai
Genap 2025/2026	Pendidikan	4	Mengajar Matakuliah BASIS DATA LANJUT/Kelas 2024C (4 sks)	SK :- Tgl.SK:-	4	Surat Tugas; Daftar Absensi; Daftar Nilai	Beban lebih	100%	4	baik, tetapi seabaiknya ada bukti kehadiran dosen, dan filnya dijadikan satu	Sesuai PO BKD 2021, Bukti kinerja sesuai
Genap 2025/2026	Pendidikan	5	Mengajar Matakuliah BASIS DATA LANJUT/Kelas 2024A (4 sks)	SK :- Tgl.SK:-	4	Surat Tugas; Daftar Nilai; Daftar Absensi	Beban lebih	100%	4	baik, tetapi seabaiknya ada bukti kehadiran dosen, dan filnya dijadikan satu	Sesuai PO BKD 2021, Bukti kinerja sesuai
Genap 2025/2026	Penelitian	1	Analysis of student perceptions towards AI-based chatbot technology using the Technology Acceptance Model (TAM)	Third International Nama Conference on Emerging : Jurnal Trends in AI and ComputationalÂ â¦, 2026 Tgl. :24 Maret 2026 Terbit	1	Cover dan Daftar Isi; Junal SPIE	Selesai	10%	1	baik, tetapi bukti pendukung disesuaikan dengan ketentuan yang berlaku cover, daftar isi, dll	Sesuai PO BKD 2021, Bukti kinerja sesuai
Genap 2025/2026	Penelitian	2	Perbandingan Moving Average dan Exponential Smoothing untuk Prediksi Harga Saham BBRI pada Dataset 2019–2026	Nama Jurnal:- Tgl. Terbit :30 Juni 2026	2.5	Jurnal; Jurnal	Selesai	40%	2.5	baik, tetapi bukti pendukung disesuaikan dengan ketentuan yang berlaku cover, daftar isi, dll	Sesuai PO BKD 2021, Bukti kinerja sesuai
Genap 2025/2026	Penelitian	3	Prediksi Persetujuan Pinjaman Bank Ritel Menggunakan CatBoost dengan Optimasi Hyperparameter Berbasis Optuna dan Analisis Interpretabilitas SHAP	Nama Jurnal:- Tgl. Terbit :30 Juni 2026	0.625	Jurnal	Selesai	10%	0.625	baik, tetapi bukti pendukung disesuaikan dengan ketentuan yang berlaku cover, daftar isi, dll	Sesuai PO BKD 2021, Bukti kinerja sesuai
Genap 2025/2026	Penelitian	4	Sistem Pendukung Keputusan Berdasarkan Profil Keuangan Pribadi di Aplikasi SiKencur	JURNAL RISET Nama :KOMPUTER Jurnal (JURIKOM) Tgl. :30 April 2026 Terbit	2.5	Publikasi Jurnal Jurikom; Jurnal Jurikom	Selesai	100%	2.5	baik, tetapi bukti pendukung disesuaikan dengan ketentuan yang berlaku cover, daftar isi, dll	Sesuai PO BKD 2021, Bukti kinerja sesuai
Genap 2025/2026	Penelitian	5	Belajar Bersama AI, Transformasi Pendidikan di Era Generative AI	Jumlah Hak cipta : Halaman nasional Tgl. Terbit :26 Juni 2026	1	sertifikat Haki; Surat Tugas; Surat Tugas Gusti	Selesai	10%	1	baik, lebih baik kalau bukti pendukung dijadikan satau file	Sesuai PO BKD 2021, Bukti kinerja sesuai
Genap 2025/2026	Penelitian	6	TRANSFORMASI PGRI DAN PROFESIONALISME GURU: Tantangan Era Digital & Revolusi Kecerdasan Buatan (AI)	Jumlah Hak cipta : Halaman nasional Tgl. Terbit :21 Juni 2026	1	WIHIAS PENCATATAN HAKI; surat tugas; ; sertifikat Haki	Beban lebih	10%	1	baik, lebih baik kalau bukti pendukung dijadikan satau file	Sesuai PO BKD 2021, Bukti kinerja sesuai
Genap 2025/2026	Pengabdian	1	Transformasi Literasi Digital Guru SMP melalui Pelatihan AI Generatif dalam Penyusunan Bahan Ajar	SK :- Tgl.SK:-	0.05	ST Gusti; artikel; PUBLIKASI PENGABDIAN WARLI LITERASI; Jurnal; Riska Andriani; ST Pengabdian Gusti; Surat tugas puji rahayu; Jurnal Pengabdian Masyarakat; surat tugas publikasi	Selesai	2%	0.05	baik file dijadikan satu, dan dimasukkan ke salah satu kegiatan	Sesuai PO BKD 2021, Bukti kinerja sesuai
Genap 2025/2026	Pengabdian	2	Jurnal Nasional Tidak Terakreditasi: Curtina di Editor	SK :1338/071073/FT/Ak.IIIc/2025 Tgl.SK:03 Maret 2025	5	Surat Tugas	Beban lebih	100%	5	baik dan tingkatkan	Sesuai PO BKD 2021, Bukti kinerja sesuai
Genap 2025/2026	Penunjang	1	Tim Pengelola Jurnal Curtina di UNIVERSITAS PGRI RONGGOLAWE	SK :1338/071073/FT/Ak.IIIc/2025 Tgl.SK:03 Maret 2025	0.5	SK Dekan Tim Pengelola Jurnal Curtina	Selesai	100%	0.5	satu dimasukkan ke satu kegiatan saja	Sesuai PO BKD 2021, Bukti kinerja sesuai
Genap 2025/2026	Penunjang	2	Juri Lomba LKS Tingkat kabupaten Tuban di MGMP Kabupaten Tuban	SK :0613/071073/KP/2026 Tgl.SK:09 Februari 2026	0.5	Surat Tugas	Selesai	100%	0.5	baik dan tingkatkan	Sesuai PO BKD 2021, Bukti kinerja sesuai
Genap 2025/2026	Penunjang	1	Algoritma dan Pemrograman dengan Python Buku Ajar (cetak atau elektronik)	SK :4285/071073/FT/AK.IIh/2025 Tgl.SK:09 November 2025	100%	09 November 2025 sampai 09 November 2028	Buku Algoritma dan Pemrograman dengan Python	Sesuai	Dinilai SESUAI semester lalu oleh Asesor	Dinilai SESUAI semester lalu oleh Asesor	
Genap 2025/2026	Penunjang	2	Konsep Dasar Ilmu Pengetahuan Sosial untuk Sekolah Dasar Hasil penelitian/pemikiran yang dipublikasikan dalam bentuk buku referensi	SK :- Tgl.SK:01 Januari 2026	100%	01 Januari 2026 sampai 01 Januari 2029	Surat Tugas; Surat tugas Fera Dwidarti; surat tugas; buku	Sesuai	Dinilai SESUAI semester lalu oleh Asesor	Dinilai SESUAI semester lalu oleh Asesor	
Genap 2025/2026	Penunjang	3	Algoritma dan pemrograman dengan Python Hasil penelitian/pemikiran yang dipublikasikan dalam bentuk buku referensi	SK :- Tgl.SK:30 November 2025	100%	30 November 2025 sampai 30 November 2028	buku; surat tugas	Tidak Sesuai	sudah dimasukkan ke buku ajar	Sesuai dengan syarat kewajiban khusus Asisten Ahli	
Genap 2025/2026	Penunjang	4	Transformasi PGRI dan profesionalisme guru : tantangan era digital & revolusi kecerdasan buatan (AI) Hasil penelitian/pemikiran yang dipublikasikan dalam bentuk buku referensi	SK :- Tgl.SK:23 Oktober 2025	100%	23 Oktober 2025 sampai 23 Oktober 2028	Buku; Transformasi PGRI Riska Andriani; surat tugas; Surat Tugas	Sesuai	Dinilai SESUAI semester lalu oleh Asesor	Dinilai SESUAI semester lalu oleh Asesor	
Genap 2025/2026	Penunjang	5	Perbandingan Moving Average dan Exponential Smoothing untuk Prediksi Harga Saham BBRI pada Dataset 2019– 2026 Hasil penelitian/pemikiran yang dipublikasikan dalam bentuk jurnal nasional terakreditasi Kemenristekdikti	SK :- Tgl.SK:30 Juni 2026	100%	30 Juni 2026 sampai 30 Juni 2029	Jurnal; Jurnal	Sesuai	baik dan perlu ditingkatkan lagi ke yang lebih tinggi	Sesuai dengan syarat kewajiban khusus Asisten Ahli	
Genap 2025/2026	Penunjang	6	PERANCANGAN UI/UX APLIKASI FISHLINE MENGGUNAKAN METODE DESIGN THINKING Hasil penelitian/pemikiran yang dipublikasikan dalam bentuk jurnal nasional terakreditasi Kemenristekdikti	SK :- Tgl.SK:05 Februari 2024	100%	05 Februari 2024 sampai 05 Februari 2027	Surat Tugas Penelitian Alfian Nurlifa; Artikel Ilmiah; Cover Jurnal	Sesuai	Dinilai SESUAI semester lalu oleh Asesor	Dinilai SESUAI semester lalu oleh Asesor	
Genap 2025/2026	Penunjang	7	Mengoptimalkan AI dalam Penyelesaian Tugas Akhir Studi Kasus Mahasiswa Universitas PGRI Ronggolawe Hasil penelitian/pemikiran yang dipublikasikan dalam bentuk jurnal nasional terakreditasi Kemenristekdikti	SK :- Tgl.SK:31 Juli 2025	100%	31 Juli 2025 sampai 31 Juli 2028	Jurnal; surat tugas, halam jurnal, editorial tim, jurnal	Sesuai	baik dan perlu ditingkatkan lagi ke yang lebih tinggi	Sesuai dengan syarat kewajiban khusus Asisten Ahli	
Genap 2025/2026	Penunjang	8	Prediksi Persetujuan Pinjaman Bank Ritel Menggunakan CatBoost dengan Optimasi Hyperparameter Berbasis Optuna dan Analisis Interpretabilitas SHAP Hasil penelitian/pemikiran yang dipublikasikan dalam bentuk jurnal nasional terakreditasi Kemenristekdikti	SK :- Tgl.SK:30 Juni 2026	100%	30 Juni 2026 sampai 30 Juni 2029	Jurnal	Sesuai	baik dan perlu ditingkatkan lagi ke yang lebih tinggi	Sesuai dengan syarat kewajiban khusus Asisten Ahli	
Genap 2025/2026	Penunjang	9	Sistem Pendukung Keputusan Berdasarkan Profil Keuangan Pribadi di Aplikasi SiKencur Hasil penelitian/pemikiran yang dipublikasikan dalam bentuk jurnal nasional	SK :- Tgl.SK:30 April 2026	100%	30 April 2026 sampai 30 April 2029	Publikasi Jurnal Jurikom; Jurnal Jurikom	Sesuai	baik dan perlu ditingkatkan lagi ke yang lebih tinggi	Sesuai dengan syarat kewajiban khusus Asisten Ahli	
Genap 2025/2026	Penunjang	10	KLASIFIKASI PENENTUAN PENENRIMA BANTUAN PANGAN NON TUNAI DENGAN MENGGUNAKAN METODE KNN (K-NEAREST NEIGHBOR) Hasil penelitian/pemikiran yang dipublikasikan dalam bentuk jurnal nasional	SK :- Tgl.SK:31 Juli 2024	100%	31 Juli 2024 sampai 31 Juli 2027	Artikel Jurnal	Sesuai	Dinilai SESUAI semester lalu oleh Asesor	Dinilai SESUAI semester lalu oleh Asesor	
Genap 2025/2026	Penunjang	11	MEMBANGUN SISTEM DIGITALISASI KOPERASI DAN IMPLEMENTASI SISTEM INFORMASI BERBASIS KOMPUTER Hasil penelitian/pemikiran yang dipublikasikan dalam bentuk jurnal nasional	SK :- Tgl.SK:25 September 2025	100%	25 September 2025 sampai 25 September 2028	Laporan Akir Penelitian; Jurnal Qua Teknika,	Sesuai	baik dan perlu ditingkatkan lagi ke yang lebih tinggi	Sesuai dengan syarat kewajiban khusus Asisten Ahli	
Genap 2025/2026	Penunjang	12	Sistem Pendukung Keputusan Anak berkebutuhan Khusus Menggunakan Metode Analisi Cluster Hasil penelitian/pemikiran yang dipublikasikan dalam bentuk jurnal nasional	SK :- Tgl.SK:30 Desember 2024	100%	30 Desember 2024 sampai 30 Desember 2027	Bukti Korespondensi; Jurnal Penelitian anti Virus; Cek Plagiasi; Laporan akhir Penelitian	Sesuai	Dinilai SESUAI semester lalu oleh Asesor	Dinilai SESUAI semester lalu oleh Asesor	
Genap 2025/2026	Penunjang	13	IoT-Based Long Range Wireless Gas Monitoring System for Real-Time Detection and Prevention of LPG Leaks and Fire Hazards in Storage Facilities Hasil penelitian atau hasil pemikiran yang Dipresentasikan secara oral dan dimuat dalam prosiding yang dipublikasikan (ber ISSN/ISBN): Internasional	SK :- Tgl.SK:06 Juli 2025	100%	06 Juli 2025 sampai 06 Juli 2028	Jurnal	Sesuai	Dinilai SESUAI semester lalu oleh Asesor	Dinilai SESUAI semester lalu oleh Asesor	
Genap 2025/2026	Penunjang	14	DINAMIKA ADOPSI TEKNOLOGI KECERDASAN BUATAN DALAM PENDIDIKAN TINGGI: SEBUAH ANALISIS MENGGUNAKAN MODEL PENERIMAAN TEKNOLOGI (TECHNOLOGY ACCEPTANCE MODEL TAM) Hasil penelitian atau hasil pemikiran yang Dipresentasikan secara oral dan dimuat dalam prosiding yang dipublikasikan (ber ISSN/ISBN): Nasional	SK :- Tgl.SK:02 Oktober 2024	100%	02 Oktober 2024 sampai 02 Oktober 2027	artikel prosiding	Sesuai	Dinilai SESUAI semester lalu oleh Asesor	Dinilai SESUAI semester lalu oleh Asesor	
Genap 2025/2026	Penunjang	15	PenerapanAlgoritmaK- MeansdenganPendekatanRFMuntukAnalisis Loyalitas Pelanggan pada Bisnis Online Hasil penelitian atau hasil pemikiran yang Dipresentasikan secara oral dan dimuat dalam prosiding yang dipublikasikan (ber ISSN/ISBN): Nasional	SK :- Tgl.SK:31 Juli 2025	100%	31 Juli 2025 sampai 31 Juli 2028	Jurnal Curtina	Sesuai	Dinilai SESUAI semester lalu oleh Asesor	Dinilai SESUAI semester lalu oleh Asesor	
Genap 2025/2026	Penunjang	1	Pelaksanaan Pendidikan	Tidak boleh kosong	6	12	M				
Genap 2025/2026	Penunjang	3	Pelaksanaan Pengabdian	Tidak boleh kosong	0.05	5	M				
